run,K,sw,lambda,block_id,block_name,num_F,num_R,F_ratio_block,total_cost_J_sum_zones,k_per_zone
sweep_K15_sw3_lam0.5,15,3,0.5,0,model.input_blocks.0,54,146,0.27,1.827124997156053,2;3;3;2;4;4;4;4;4;3;3
sweep_K15_sw3_lam0.5,15,3,0.5,1,model.input_blocks.1,54,146,0.27,1.827124997156053,2;3;3;2;4;4;4;4;4;3;3
sweep_K15_sw3_lam0.5,15,3,0.5,2,model.input_blocks.10,54,146,0.27,1.827124997156053,2;3;3;2;4;4;4;4;4;3;3
sweep_K15_sw3_lam0.5,15,3,0.5,3,model.input_blocks.11,54,146,0.27,1.8308304691165231,2;4;3;2;4;4;4;4;4;3;3
sweep_K15_sw3_lam0.5,15,3,0.5,4,model.input_blocks.2,54,146,0.27,2.0736620771786396,2;4;3;2;4;4;4;4;4;3;3
sweep_K15_sw3_lam0.5,15,3,0.5,5,model.input_blocks.3,54,146,0.27,2.0433163569612,2;4;3;2;4;4;4;4;4;3;3
sweep_K15_sw3_lam0.5,15,3,0.5,6,model.input_blocks.4,54,146,0.27,1.9746467436367645,2;4;3;2;4;4;4;4;4;3;3
sweep_K15_sw3_lam0.5,15,3,0.5,7,model.input_blocks.5,54,146,0.27,1.827124997156053,2;3;3;2;4;4;4;4;4;3;3
sweep_K15_sw3_lam0.5,15,3,0.5,8,model.input_blocks.6,54,146,0.27,1.827124997156053,2;3;3;2;4;4;4;4;4;3;3
sweep_K15_sw3_lam0.5,15,3,0.5,9,model.input_blocks.7,54,146,0.27,1.9795505461934544,2;4;3;2;4;4;4;4;4;3;3
sweep_K15_sw3_lam0.5,15,3,0.5,10,model.input_blocks.8,54,146,0.27,2.052937944298309,2;4;3;2;4;4;4;4;4;3;3
sweep_K15_sw3_lam0.5,15,3,0.5,11,model.input_blocks.9,54,146,0.27,2.2497107984011584,2;4;3;2;4;4;4;4;4;3;3
sweep_K15_sw3_lam0.5,15,3,0.5,12,model.middle_block,54,146,0.27,2.03653421861686,2;4;3;2;4;4;4;4;4;3;3
sweep_K15_sw3_lam0.5,15,3,0.5,13,model.output_blocks.0,54,146,0.27,2.9458037815511817,2;4;3;2;4;4;4;4;4;3;3
sweep_K15_sw3_lam0.5,15,3,0.5,14,model.output_blocks.1,54,146,0.27,2.078814554433491,2;4;3;2;4;4;4;4;4;3;3
sweep_K15_sw3_lam0.5,15,3,0.5,15,model.output_blocks.10,54,146,0.27,2.1432225284984314,2;4;3;2;4;4;4;4;4;3;3
sweep_K15_sw3_lam0.5,15,3,0.5,16,model.output_blocks.11,55,145,0.28,2.3419413406270224,2;4;3;2;4;4;4;4;4;3;2
sweep_K15_sw3_lam0.5,15,3,0.5,17,model.output_blocks.2,54,146,0.27,1.827124997156053,2;3;3;2;4;4;4;4;4;3;3
sweep_K15_sw3_lam0.5,15,3,0.5,18,model.output_blocks.3,54,146,0.27,1.827124997156053,2;3;3;2;4;4;4;4;4;3;3
sweep_K15_sw3_lam0.5,15,3,0.5,19,model.output_blocks.4,54,146,0.27,2.1048133492246186,2;4;3;2;4;4;4;4;4;3;3
sweep_K15_sw3_lam0.5,15,3,0.5,20,model.output_blocks.5,54,146,0.27,2.3781013094108903,2;4;3;2;4;4;4;4;4;3;3
sweep_K15_sw3_lam0.5,15,3,0.5,21,model.output_blocks.6,54,146,0.27,1.8760048841169006,2;4;3;2;4;4;4;4;4;3;3
sweep_K15_sw3_lam0.5,15,3,0.5,22,model.output_blocks.7,54,146,0.27,2.2387092349655435,2;4;3;2;4;4;4;4;4;3;3
sweep_K15_sw3_lam0.5,15,3,0.5,23,model.output_blocks.8,54,146,0.27,1.9332902420101312,2;4;3;2;4;4;4;4;4;3;3
sweep_K15_sw3_lam0.5,15,3,0.5,24,model.output_blocks.9,54,146,0.27,2.363176005306385,2;4;3;2;4;4;4;4;4;3;3
sweep_K15_sw3_lam1.0,15,3,1.0,0,model.input_blocks.0,54,146,0.27,3.654249994312106,2;3;3;2;4;4;4;4;4;3;3
sweep_K15_sw3_lam1.0,15,3,1.0,1,model.input_blocks.1,54,146,0.27,3.654249994312106,2;3;3;2;4;4;4;4;4;3;3
sweep_K15_sw3_lam1.0,15,3,1.0,2,model.input_blocks.10,54,146,0.27,3.654249994312106,2;3;3;2;4;4;4;4;4;3;3
sweep_K15_sw3_lam1.0,15,3,1.0,3,model.input_blocks.11,54,146,0.27,3.6579554662725764,2;4;3;2;4;4;4;4;4;3;3
sweep_K15_sw3_lam1.0,15,3,1.0,4,model.input_blocks.2,54,146,0.27,3.9007870743346924,2;4;3;2;4;4;4;4;4;3;3
sweep_K15_sw3_lam1.0,15,3,1.0,5,model.input_blocks.3,54,146,0.27,3.8704413541172533,2;4;3;2;4;4;4;4;4;3;3
sweep_K15_sw3_lam1.0,15,3,1.0,6,model.input_blocks.4,54,146,0.27,3.8017717407928178,2;4;3;2;4;4;4;4;4;3;3
sweep_K15_sw3_lam1.0,15,3,1.0,7,model.input_blocks.5,54,146,0.27,3.654249994312106,2;3;3;2;4;4;4;4;4;3;3
sweep_K15_sw3_lam1.0,15,3,1.0,8,model.input_blocks.6,54,146,0.27,3.654249994312106,2;3;3;2;4;4;4;4;4;3;3
sweep_K15_sw3_lam1.0,15,3,1.0,9,model.input_blocks.7,54,146,0.27,3.8066755433495074,2;4;3;2;4;4;4;4;4;3;3
sweep_K15_sw3_lam1.0,15,3,1.0,10,model.input_blocks.8,54,146,0.27,3.8800629414543617,2;4;3;2;4;4;4;4;4;3;3
sweep_K15_sw3_lam1.0,15,3,1.0,11,model.input_blocks.9,54,146,0.27,4.076835795557212,2;4;3;2;4;4;4;4;4;3;3
sweep_K15_sw3_lam1.0,15,3,1.0,12,model.middle_block,54,146,0.27,3.8636592157729135,2;4;3;2;4;4;4;4;4;3;3
sweep_K15_sw3_lam1.0,15,3,1.0,13,model.output_blocks.0,54,146,0.27,4.772928778707236,2;4;3;2;4;4;4;4;4;3;3
sweep_K15_sw3_lam1.0,15,3,1.0,14,model.output_blocks.1,54,146,0.27,3.905939551589544,2;4;3;2;4;4;4;4;4;3;3
sweep_K15_sw3_lam1.0,15,3,1.0,15,model.output_blocks.10,54,146,0.27,3.970347525654484,2;4;3;2;4;4;4;4;4;3;3
sweep_K15_sw3_lam1.0,15,3,1.0,16,model.output_blocks.11,55,145,0.28,4.335733004449742,2;4;3;2;4;4;4;4;4;3;2
sweep_K15_sw3_lam1.0,15,3,1.0,17,model.output_blocks.2,54,146,0.27,3.654249994312106,2;3;3;2;4;4;4;4;4;3;3
sweep_K15_sw3_lam1.0,15,3,1.0,18,model.output_blocks.3,54,146,0.27,3.654249994312106,2;3;3;2;4;4;4;4;4;3;3
sweep_K15_sw3_lam1.0,15,3,1.0,19,model.output_blocks.4,54,146,0.27,3.931938346380672,2;4;3;2;4;4;4;4;4;3;3
sweep_K15_sw3_lam1.0,15,3,1.0,20,model.output_blocks.5,54,146,0.27,4.205226306566942,2;4;3;2;4;4;4;4;4;3;3
sweep_K15_sw3_lam1.0,15,3,1.0,21,model.output_blocks.6,54,146,0.27,3.7031298812729543,2;4;3;2;4;4;4;4;4;3;3
sweep_K15_sw3_lam1.0,15,3,1.0,22,model.output_blocks.7,54,146,0.27,4.065834232121596,2;4;3;2;4;4;4;4;4;3;3
sweep_K15_sw3_lam1.0,15,3,1.0,23,model.output_blocks.8,54,146,0.27,3.7604152391661843,2;4;3;2;4;4;4;4;4;3;3
sweep_K15_sw3_lam1.0,15,3,1.0,24,model.output_blocks.9,54,146,0.27,4.190301002462439,2;4;3;2;4;4;4;4;4;3;3
sweep_K20_sw3_lam1.0,20,3,1.0,0,model.input_blocks.0,56,144,0.28,4.868297775586777,2;3;3;2;4;4;4;4;4;4;3;4;4;3;3
sweep_K20_sw3_lam1.0,20,3,1.0,1,model.input_blocks.1,56,144,0.28,4.868297775586777,2;3;3;2;4;4;4;4;4;4;3;4;4;3;3
sweep_K20_sw3_lam1.0,20,3,1.0,2,model.input_blocks.10,56,144,0.28,4.868297775586777,2;3;3;2;4;4;4;4;4;4;3;4;4;3;3
sweep_K20_sw3_lam1.0,20,3,1.0,3,model.input_blocks.11,56,144,0.28,4.873493745535022,2;4;3;2;4;4;4;4;4;4;3;4;4;3;3
sweep_K20_sw3_lam1.0,20,3,1.0,4,model.input_blocks.2,56,144,0.28,5.1822667239787386,2;4;3;2;4;4;4;4;4;4;3;4;4;3;3
sweep_K20_sw3_lam1.0,20,3,1.0,5,model.input_blocks.3,56,144,0.28,5.151386567689308,2;4;3;2;4;4;4;4;4;4;3;4;4;3;3
sweep_K20_sw3_lam1.0,20,3,1.0,6,model.input_blocks.4,56,144,0.28,5.05580873233367,2;4;3;2;4;4;4;4;4;4;3;4;4;3;3
sweep_K20_sw3_lam1.0,20,3,1.0,7,model.input_blocks.5,56,144,0.28,4.868297775586777,2;3;3;2;4;4;4;4;4;4;3;4;4;3;3
sweep_K20_sw3_lam1.0,20,3,1.0,8,model.input_blocks.6,56,144,0.28,4.868297775586777,2;3;3;2;4;4;4;4;4;4;3;4;4;3;3
sweep_K20_sw3_lam1.0,20,3,1.0,9,model.input_blocks.7,56,144,0.28,5.076069396608291,2;4;3;2;4;4;4;4;4;4;3;4;4;3;3
sweep_K20_sw3_lam1.0,20,3,1.0,10,model.input_blocks.8,56,144,0.28,5.177799680269563,2;4;3;2;4;4;4;4;4;4;3;4;4;3;3
sweep_K20_sw3_lam1.0,20,3,1.0,11,model.input_blocks.9,56,144,0.28,5.445664892448635,2;4;3;2;4;4;4;4;4;4;3;4;4;3;3
sweep_K20_sw3_lam1.0,20,3,1.0,12,model.middle_block,56,144,0.28,5.163433212048857,2;4;3;2;4;4;4;4;4;4;3;4;4;3;3
sweep_K20_sw3_lam1.0,20,3,1.0,13,model.output_blocks.0,56,144,0.28,6.508292609005296,2;4;3;2;4;4;4;4;4;4;3;4;4;3;3
sweep_K20_sw3_lam1.0,20,3,1.0,14,model.output_blocks.1,56,144,0.28,5.245099558591715,2;4;3;2;4;4;4;4;4;4;3;4;4;3;3
sweep_K20_sw3_lam1.0,20,3,1.0,15,model.output_blocks.10,56,144,0.28,5.290462906020567,2;4;3;2;4;4;4;4;4;4;3;4;4;3;3
sweep_K20_sw3_lam1.0,20,3,1.0,16,model.output_blocks.11,57,143,0.28,5.64551692175142,2;4;3;2;4;4;4;4;4;4;3;4;4;3;2
sweep_K20_sw3_lam1.0,20,3,1.0,17,model.output_blocks.2,56,144,0.28,4.868297775586777,2;3;3;2;4;4;4;4;4;4;3;4;4;3;3
sweep_K20_sw3_lam1.0,20,3,1.0,18,model.output_blocks.3,56,144,0.28,4.868297775586777,2;3;3;2;4;4;4;4;4;4;3;4;4;3;3
sweep_K20_sw3_lam1.0,20,3,1.0,19,model.output_blocks.4,56,144,0.28,5.247240579661265,2;4;3;2;4;4;4;4;4;4;3;4;4;3;3
sweep_K20_sw3_lam1.0,20,3,1.0,20,model.output_blocks.5,56,144,0.28,5.593965288184168,2;4;3;2;4;4;4;4;4;4;3;4;4;3;3
sweep_K20_sw3_lam1.0,20,3,1.0,21,model.output_blocks.6,56,144,0.28,4.934864972379683,2;4;3;2;4;4;4;4;4;4;3;4;4;3;3
sweep_K20_sw3_lam1.0,20,3,1.0,22,model.output_blocks.7,56,144,0.28,5.439933375557136,2;4;3;2;4;4;4;4;4;4;3;4;4;3;3
sweep_K20_sw3_lam1.0,20,3,1.0,23,model.output_blocks.8,56,144,0.28,5.006616135384111,2;4;3;2;4;4;4;4;4;4;3;4;4;3;3
sweep_K20_sw3_lam1.0,20,3,1.0,24,model.output_blocks.9,56,144,0.28,5.577207762652702,2;4;3;2;4;4;4;4;4;4;3;4;4;3;3
